counter, p, k, repitition, day
0,0,0.000000,1,15
1,0,0.100000,1,1865
