p, k, repitition, day
0.000000,1,0,17
0.000000,2,0,27
0.000000,3,0,54
0.000000,4,0,49
0.000000,5,0,46
0.000000,6,0,69
0.000000,7,0,39
0.000000,8,0,123
0.000000,9,0,68
